分類,檔案名稱
🖼️ 圖片檔（介面與標誌）,macu標誌.jpg
🧋 奶茶類,仙草凍奶茶.jpg
🧋 奶茶類,椰果奶茶.jpg
🧋 奶茶類,波霸奶茶.jpg
🧋 奶茶類,玫瑰奶茶.jpg
🧋 奶茶類,錫蘭奶茶.jpg
🧋 奶茶類,蜜桃奶茶.jpg
🧋 奶茶類,鐵觀音奶茶.jpg
🥛 拿鐵類,波霸紅茶拿鐵.jpg
🥛 拿鐵類,玫瑰紅茶拿鐵.jpg
🥛 拿鐵類,紅茶拿鐵.jpg
🥛 拿鐵類,鐵觀音拿鐵.jpg
🥛 拿鐵類,阿華田拿鐵.jpg
🍵 茶類,古早味紅茶.jpg
🍵 茶類,文山清茶.jpg
🍵 茶類,多多綠茶.jpg
🍵 茶類,百香綠茶.jpg
🍵 茶類,翡翠綠茶.jpg
🍵 茶類,錫蘭紅茶.jpg
🍵 茶類,高山金萱茶.jpg
🍊 果茶／果粒類,冰萃檸檬.jpg
🍊 果茶／果粒類,柳橙果粒茶.jpg
🍊 果茶／果粒類,葡萄柚果粒茶.jpg
🍊 果茶／果粒類,葡萄柚果粒蜜茶.jpg
🍊 果茶／果粒類,百香雙Q果.jpg
🍊 果茶／果粒類,翡翠柳橙.jpg
🍊 果茶／果粒類,香橙果粒茶.jpg
🍅 梅子／番茄系列,梅子冰茶.jpg
🍅 梅子／番茄系列,梅子綠茶.jpg
🍅 梅子／番茄系列,番茄梅蜜.jpg
🍅 梅子／番茄系列,番茄梅蜜波波.jpg
🧃 多多系列,百香多多.jpg
🍶 芝芝系列,芝芝翡翠綠茶.jpg
🍶 芝芝系列,芝芝葡萄果粒.jpg
🍶 芝芝系列,芝芝蜜桃紅茶.jpg
🍶 芝芝系列,芝芝金萱.jpg
🍶 芝芝系列,芝芝金萱雙Q.jpg
🍶 芝芝系列,芝芝錫蘭奶茶.jpg
🍶 芝芝系列,芝芝錫蘭紅茶.jpg
🍶 芝芝系列,芝芝阿華田.jpg
🧊 其他,阿華田.jpg
🧊 其他,蕎麥綠寶石.jpg
🧊 其他,蜜桃紅茶.jpg
🧊 其他,蜂蜜檸檬.jpg
